hashtag,category
サッカー,スポーツ
野球,スポーツ
ラグビー,スポーツ
マラソン,スポーツ
バレーボール,スポーツ
バスケットボール,スポーツ
テニス,スポーツ
ゴルフ,スポーツ
フィットネス,スポーツ
水泳,スポーツ
スキー,スポーツ
ボード,スポーツ
ヨガ,スポーツ
登山,スポーツ
サーフィン,スポーツ
ランニング,スポーツ
自転車,スポーツ
フットサル,スポーツ
トライアスロン,スポーツ
ビリヤード,スポーツ
ボクシング,スポーツ
ボディビル,スポーツ
ダンス,スポーツ
スケートボード,スポーツ
カーリング,スポーツ
アーチェリー,スポーツ
エクササイズ,スポーツ
ピングポング,スポーツ
バドミントン,スポーツ
馬術,スポーツ
スノーボード,スポーツ
ボート,スポーツ
レース,スポーツ
ウィンドサーフィン,スポーツ
体操,スポーツ
クリケット,スポーツ
レスリング,スポーツ
ジム,スポーツ
ハンドボール,スポーツ
ハイキング,スポーツ
スクワッシュ,スポーツ
フェンシング,スポーツ
アイスホッケー,スポーツ
カヌー,スポーツ
ケイジャン,スポーツ
ポロ,スポーツ
リュージュ,スポーツ
ビーチバレー,スポーツ
クロスフィット,スポーツ
映画鑑賞,映画・ドラマ
邦画,映画・ドラマ
洋画,映画・ドラマ
ドラマ好き,映画・ドラマ
新作映画,映画・ドラマ
映画祭,映画・ドラマ
アニメ,映画・ドラマ
ホラー映画,映画・ドラマ
映画クラブ,映画・ドラマ
映画史,映画・ドラマ
映画監督,映画・ドラマ
映画評論,映画・ドラマ
コメディ映画,映画・ドラマ
ドキュメンタリー映画,映画・ドラマ
SF映画,映画・ドラマ
アクション映画,映画・ドラマ
ロマンス映画,映画・ドラマ
ミュージカル映画,映画・ドラマ
サイレント映画,映画・ドラマ
映画音楽,映画・ドラマ
映画館,映画・ドラマ
映画チケット,映画・ドラマ
映画祭,映画・ドラマ
映画評価,映画・ドラマ
映画撮影,映画・ドラマ
映画製作,映画・ドラマ
映画の一日,映画・ドラマ
映画の夜,映画・ドラマ
映画デート,映画・ドラマ
映画の引用,映画・ドラマ
映画の推奨,映画・ドラマ
映画の名言,映画・ドラマ
映画の予告編,映画・ドラマ
映画賞,映画・ドラマ
映画祭,映画・ドラマ
映画レビュー,映画・ドラマ
映画の日,映画・ドラマ
映画プロデューサー,映画・ドラマ
映画俳優,映画・ドラマ
映画キャラクター,映画・ドラマ
映画のロケ地,映画・ドラマ
映画のシーン,映画・ドラマ
映画コスチューム,映画・ドラマ
映画メイク,映画・ドラマ
映画のセット,映画・ドラマ
映画の特殊効果,映画・ドラマ
映画のポスター,映画・ドラマ
映画のコレクション,映画・ドラマ
映画の裏話,映画・ドラマ
映画の予算,映画・ドラマ
映画のエンディング,映画・ドラマ
ポップ音楽,音楽
ロック,音楽
ジャズ,音楽
クラシック,音楽
ヒップホップ,音楽
R&B,音楽
レゲエ,音楽
フォーク,音楽
カントリー音楽,音楽
ブルース,音楽
エレクトロニック,音楽
ハウス,音楽
トランス,音楽
テクノ,音楽
インディーズ,音楽
ヘヴィメタル,音楽
パンク,音楽
ラップ,音楽
ソウル,音楽
オペラ,音楽
ワールドミュージック,音楽
アンビエント,音楽
ゴスペル,音楽
サウンドトラック,音楽
歌謡曲,音楽
アイドル,音楽
ボーカロイド,音楽
アカペラ,音楽
シンフォニー,音楽
コンサート,音楽
ライブ,音楽
音楽祭,音楽
バンド,音楽
オーケストラ,音楽
DJ,音楽
作曲,音楽
歌詞,音楽
ギター,音楽
ピアノ,音楽
ドラム,音楽
ベース,音楽
ヴァイオリン,音楽
トランペット,音楽
サックス,音楽
CD,音楽
レコード,音楽
音楽配信,音楽
ミュージックビデオ,音楽
音楽プロデューサー,音楽
音楽スタジオ,音楽
音楽教育,音楽
音楽理論,音楽
音楽史,音楽
音楽療法,音楽
音楽科学,音楽
AI,テクノロジー・ガジェット
IoT,テクノロジー・ガジェット
ビッグデータ,テクノロジー・ガジェット
クラウド,テクノロジー・ガジェット
仮想現実,テクノロジー・ガジェット
拡張現実,テクノロジー・ガジェット
ドローン,テクノロジー・ガジェット
ロボット,テクノロジー・ガジェット
3Dプリンティング,テクノロジー・ガジェット
スマートホーム,テクノロジー・ガジェット
ウェアラブル,テクノロジー・ガジェット
スマートフォン,テクノロジー・ガジェット
タブレット,テクノロジー・ガジェット
PC,テクノロジー・ガジェット
ゲーム機,テクノロジー・ガジェット
カメラ,テクノロジー・ガジェット
スマートウォッチ,テクノロジー・ガジェット
ヘッドセット,テクノロジー・ガジェット
スピーカー,テクノロジー・ガジェット
ワイヤレス充電,テクノロジー・ガジェット
VRゴーグル,テクノロジー・ガジェット
プロジェクター,テクノロジー・ガジェット
モニター,テクノロジー・ガジェット
プリンター,テクノロジー・ガジェット
キーボード,テクノロジー・ガジェット
マウス,テクノロジー・ガジェット
ハードディスク,テクノロジー・ガジェット
USBメモリ,テクノロジー・ガジェット
SDカード,テクノロジー・ガジェット
ICレコーダー,テクノロジー・ガジェット
電子書籍リーダー,テクノロジー・ガジェット
スマートグラス,テクノロジー・ガジェット
電子辞書,テクノロジー・ガジェット
ポータブルゲーム機,テクノロジー・ガジェット
電子ペーパー,テクノロジー・ガジェット
デジタルサイネージ,テクノロジー・ガジェット
デジタルフォトフレーム,テクノロジー・ガジェット
モバイルバッテリー,テクノロジー・ガジェット
GPSナビ,テクノロジー・ガジェット
アクションカメラ,テクノロジー・ガジェット
デジタルアート,テクノロジー・ガジェット
デジタル教育,テクノロジー・ガジェット
デジタル医療,テクノロジー・ガジェット
電子取引,テクノロジー・ガジェット
電子政府,テクノロジー・ガジェット
デジタルエンターテイメント,テクノロジー・ガジェット
デジタルライフ,テクノロジー・ガジェット
電子スポーツ,テクノロジー・ガジェット
デジタルマーケティング,テクノロジー・ガジェット
デジタル著作権,テクノロジー・ガジェット
選挙,政治・社会問題
投票,政治・社会問題
議会,政治・社会問題
国会,政治・社会問題
法律,政治・社会問題
条例,政治・社会問題
憲法,政治・社会問題
基本法,政治・社会問題
裁判所,政治・社会問題
判決,政治・社会問題
裁判官,政治・社会問題
検察官,政治・社会問題
弁護士,政治・社会問題
公安,政治・社会問題
警察,政治・社会問題
自衛隊,政治・社会問題
行政,政治・社会問題
市長,政治・社会問題
知事,政治・社会問題
国務大臣,政治・社会問題
首相,政治・社会問題
大統領,政治・社会問題
王室,政治・社会問題
外交,政治・社会問題
軍事,政治・社会問題
国境,政治・社会問題
経済政策,政治・社会問題
教育政策,政治・社会問題
健康政策,政治・社会問題
社会保障,政治・社会問題
公平性,政治・社会問題
人権,政治・社会問題
平等,政治・社会問題
自由,政治・社会問題
民主主義,政治・社会問題
共和主義,政治・社会問題
社会主義,政治・社会問題
資本主義,政治・社会問題
ナショナリズム,政治・社会問題
連邦主義,政治・社会問題
社会問題,政治・社会問題
貧困,政治・社会問題
失業,政治・社会問題
犯罪,政治・社会問題
汚職,政治・社会問題
健康格差,政治・社会問題
教育格差,政治・社会問題
人種差別,政治・社会問題
性別差別,政治・社会問題
移民問題,政治・社会問題
環境問題,政治・社会問題
気候変動,政治・社会問題
人口問題,政治・社会問題
海外旅行,旅行・アウトドア
国内旅行,旅行・アウトドア
バックパッカー,旅行・アウトドア
キャンプ,旅行・アウトドア
ハイキング,旅行・アウトドア
登山,旅行・アウトドア
釣り,旅行・アウトドア
サイクリング,旅行・アウトドア
ドライブ,旅行・アウトドア
鳥見,旅行・アウトドア
星空観察,旅行・アウトドア
スキー,旅行・アウトドア
スノーボード,旅行・アウトドア
サーフィング,旅行・アウトドア
ダイビング,旅行・アウトドア
パラグライダー,旅行・アウトドア
ラフティング,旅行・アウトドア
ハンググライダー,旅行・アウトドア
熱気球,旅行・アウトドア
ジェットスキー,旅行・アウトドア
ウェイクボード,旅行・アウトドア
ヨット,旅行・アウトドア
カヤック,旅行・アウトドア
カヌー,旅行・アウトドア
スノーシュー,旅行・アウトドア
スキューバダイビング,旅行・アウトドア
トレッキング,旅行・アウトドア
エコツーリズム,旅行・アウトドア
地質学ツアー,旅行・アウトドア
文化ツーリズム,旅行・アウトドア
野生動物観察,旅行・アウトドア
国立公園,旅行・アウトドア
自然公園,旅行・アウトドア
ビーチ,旅行・アウトドア
リゾート,旅行・アウトドア
温泉,旅行・アウトドア
ホテル,旅行・アウトドア
旅館,旅行・アウトドア
ユースホステル,旅行・アウトドア
エアビーアンドビー,旅行・アウトドア
ツアーガイド,旅行・アウトドア
観光名所,旅行・アウトドア
世界遺産,旅行・アウトドア
博物館,旅行・アウトドア
美術館,旅行・アウトドア
歴史的建造物,旅行・アウトドア
祭り,旅行・アウトドア
パスポート,旅行・アウトドア
飛行機,旅行・アウトドア
新幹線,旅行・アウトドア
旅行保険,旅行・アウトドア
料理,クッキング・レシピ
ホームクッキング,クッキング・レシピ
レシピ,クッキング・レシピ
イタリアン,クッキング・レシピ
フレンチ,クッキング・レシピ
日本料理,クッキング・レシピ
韓国料理,クッキング・レシピ
中国料理,クッキング・レシピ
タイ料理,クッキング・レシピ
ベーキング,クッキング・レシピ
デザート,クッキング・レシピ
朝食,クッキング・レシピ
昼食,クッキング・レシピ
夕食,クッキング・レシピ
スープ,クッキング・レシピ
サラダ,クッキング・レシピ
パスタ,クッキング・レシピ
ピザ,クッキング・レシピ
肉料理,クッキング・レシピ
魚料理,クッキング・レシピ
ベジタリアン,クッキング・レシピ
ビーガン,クッキング・レシピ
グルテンフリー,クッキング・レシピ
ダイエットレシピ,クッキング・レシピ
健康食,クッキング・レシピ
スローフード,クッキング・レシピ
ファーストフード,クッキング・レシピ
地元食材,クッキング・レシピ
有機野菜,クッキング・レシピ
フードトラック,クッキング・レシピ
料理教室,クッキング・レシピ
料理本,クッキング・レシピ
料理ブログ,クッキング・レシピ
料理チャンネル,クッキング・レシピ
食材買い物,クッキング・レシピ
スーパーマーケット,クッキング・レシピ
食品添加物,クッキング・レシピ
調理器具,クッキング・レシピ
包丁,クッキング・レシピ
フライパン,クッキング・レシピ
オーブン,クッキング・レシピ
レンジ,クッキング・レシピ
キッチン,クッキング・レシピ
料理道具,クッキング・レシピ
テーブルセッティング,クッキング・レシピ
食器,クッキング・レシピ
食事招待,クッキング・レシピ
パーティ料理,クッキング・レシピ
おつまみ,クッキング・レシピ
食事作り,クッキング・レシピ
手料理,クッキング・レシピ
家庭料理,クッキング・レシピ
グルメ料理,クッキング・レシピ
カフェメニュー,クッキング・レシピ
レストランメニュー,クッキング・レシピ
健康,健康・ウェルネス
ウェルネス,健康・ウェルネス
エクササイズ,健康・ウェルネス
ヨガ,健康・ウェルネス
メディテーション,健康・ウェルネス
ダイエット,健康・ウェルネス
栄養学,健康・ウェルネス
フィットネス,健康・ウェルネス
ジム,健康・ウェルネス
ウォーキング,健康・ウェルネス
ランニング,健康・ウェルネス
マラソン,健康・ウェルネス
サイクリング,健康・ウェルネス
プール,健康・ウェルネス
水泳,健康・ウェルネス
ダンス,健康・ウェルネス
ピラティス,健康・ウェルネス
筋トレ,健康・ウェルネス
筋力トレーニング,健康・ウェルネス
エアロビクス,健康・ウェルネス
スポーツクラブ,健康・ウェルネス
健康食,健康・ウェルネス
有機食品,健康・ウェルネス
デトックス,健康・ウェルネス
アロマセラピー,健康・ウェルネス
マッサージ,健康・ウェルネス
スパ,健康・ウェルネス
美容整形,健康・ウェルネス
自然療法,健康・ウェルネス
ホメオパシー,健康・ウェルネス
東洋医学,健康・ウェルネス
漢方,健康・ウェルネス
カイロプラクティック,健康・ウェルネス
整体,健康・ウェルネス
健康チェック,健康・ウェルネス
予防医学,健康・ウェルネス
メンタルヘルス,健康・ウェルネス
心の健康,健康・ウェルネス
ストレスマネージメント,健康・ウェルネス
睡眠,健康・ウェルネス
レスト,健康・ウェルネス
リラクゼーション,健康・ウェルネス
健康維持,健康・ウェルネス
健康促進,健康・ウェルネス
アート,アート・デザイン
美術,アート・デザイン
絵画,アート・デザイン
彫刻,アート・デザイン
版画,アート・デザイン
摄影,アート・デザイン
映像作品,アート・デザイン
インスタレーション,アート・デザイン
パフォーマンス,アート・デザイン
デザイン,アート・デザイン
グラフィックデザイン,アート・デザイン
産業デザイン,アート・デザイン
ファッションデザイン,アート・デザイン
インテリアデザイン,アート・デザイン
建築,アート・デザイン
建築デザイン,アート・デザイン
ランドスケープデザイン,アート・デザイン
タイポグラフィ,アート・デザイン
イラスト,アート・デザイン
イラストレーション,アート・デザイン
デジタルアート,アート・デザイン
CGI,アート・デザイン
アニメーション,アート・デザイン
VRアート,アート・デザイン
ARアート,アート・デザイン
美術館,アート・デザイン
アートギャラリー,アート・デザイン
アートフェア,アート・デザイン
アートショー,アート・デザイン
アーティスト,アート・デザイン
デザイナー,アート・デザイン
作家,アート・デザイン
作品,アート・デザイン
クリエイティブ,アート・デザイン
クリエイティビティ,アート・デザイン
インスピレーション,アート・デザイン
芸術教育,アート・デザイン
美術学校,アート・デザイン
デザイン学校,アート・デザイン
アートワーク,アート・デザイン
アートコレクション,アート・デザイン
アートコレクター,アート・デザイン
アート投資,アート・デザイン
芸術支援,アート・デザイン
アートプロジェクト,アート・デザイン
ファッション,ファッション・ビューティ
スタイル,ファッション・ビューティ
トレンド,ファッション・ビューティ
カジュアル,ファッション・ビューティ
フォーマル,ファッション・ビューティ
ストリートファッション,ファッション・ビューティ
ハイファッション,ファッション・ビューティ
メンズファッション,ファッション・ビューティ
レディースファッション,ファッション・ビューティ
子供服,ファッション・ビューティ
アクセサリー,ファッション・ビューティ
シューズ,ファッション・ビューティ
バッグ,ファッション・ビューティ
帽子,ファッション・ビューティ
眼鏡,ファッション・ビューティ
時計,ファッション・ビューティ
ジュエリー,ファッション・ビューティ
メイク,ファッション・ビューティ
スキンケア,ファッション・ビューティ
ヘアスタイル,ファッション・ビューティ
ネイルアート,ファッション・ビューティ
美容院,ファッション・ビューティ
エステ,ファッション・ビューティ
フィットネス,ファッション・ビューティ
ダイエット,ファッション・ビューティ
ヘルスケア,ファッション・ビューティ
美容製品,ファッション・ビューティ
化粧品,ファッション・ビューティ
香水,ファッション・ビューティ
ファッションショー,ファッション・ビューティ
ファッションウィーク,ファッション・ビューティ
デザイナー,ファッション・ビューティ
モデル,ファッション・ビューティ
ファッションブログ,ファッション・ビューティ
ファッションマガジン,ファッション・ビューティ
コーディネート,ファッション・ビューティ
スタイリスト,ファッション・ビューティ
オートクチュール,ファッション・ビューティ
プレタポルテ,ファッション・ビューティ
ファッション撮影,ファッション・ビューティ
ファッション広告,ファッション・ビューティ
ファッションビジネス,ファッション・ビューティ
ファッションマーケティング,ファッション・ビューティ
ビジネス,ビジネス・経済
経済,ビジネス・経済
スタートアップ,ビジネス・経済
起業,ビジネス・経済
ベンチャー,ビジネス・経済
イノベーション,ビジネス・経済
テクノロジー,ビジネス・経済
金融,ビジネス・経済
投資,ビジネス・経済
株式市場,ビジネス・経済
経済指標,ビジネス・経済
マーケティング,ビジネス・経済
広告,ビジネス・経済
PR,ビジネス・経済
人事,ビジネス・経済
組織開発,ビジネス・経済
リーダーシップ,ビジネス・経済
マネージメント,ビジネス・経済
戦略,ビジネス・経済
事業開発,ビジネス・経済
製品開発,ビジネス・経済
サービス開発,ビジネス・経済
クラウドファンディング,ビジネス・経済
ブロックチェーン,ビジネス・経済
仮想通貨,ビジネス・経済
リテール,ビジネス・経済
不動産,ビジネス・経済
製造業,ビジネス・経済
物流,ビジネス・経済
サプライチェーン,ビジネス・経済
法律,ビジネス・経済
知的財産,ビジネス・経済
特許,ビジネス・経済
M&A,ビジネス・経済
コンサルティング,ビジネス・経済
エンジェル投資家,ビジネス・経済
ベンチャーキャピタル,ビジネス・経済
プライベートエクイティ,ビジネス・経済
投資銀行,ビジネス・経済
株式公開,ビジネス・経済
IPO,ビジネス・経済
経済政策,ビジネス・経済
中央銀行,ビジネス・経済
教育,教育・学習
学習,教育・学習
学校,教育・学習
大学,教育・学習
高等教育,教育・学習
中等教育,教育・学習
初等教育,教育・学習
幼児教育,教育・学習
特別支援教育,教育・学習
キャリア教育,教育・学習
職業教育,教育・学習
スキルアップ,教育・学習
資格取得,教育・学習
自己啓発,教育・学習
教育政策,教育・学習
教育改革,教育・学習
テスト,教育・学習
試験,教育・学習
受験,教育・学習
入学試験,教育・学習
卒業試験,教育・学習
留学,教育・学習
交換留学,教育・学習
奨学金,教育・学習
教育費,教育・学習
学費,教育・学習
教育環境,教育・学習
教育格差,教育・学習
教育技術,教育・学習
教材,教育・学習
オンライン教育,教育・学習
遠隔教育,教育・学習
Eラーニング,教育・学習
MOOC,教育・学習
フリースクール,教育・学習
教育心理学,教育・学習
教育社会学,教育・学習
教師,教育・学習
講師,教育・学習
学生,教育・学習
勉強方法,教育・学習
ライフスタイル,ライフスタイル・生活
生活,ライフスタイル・生活
日常,ライフスタイル・生活
家庭,ライフスタイル・生活
家族,ライフスタイル・生活
子育て,ライフスタイル・生活
育児,ライフスタイル・生活
ペット,ライフスタイル・生活
犬,ライフスタイル・生活
猫,ライフスタイル・生活
手作り,ライフスタイル・生活
DIY,ライフスタイル・生活
ガーデニング,ライフスタイル・生活
家事,ライフスタイル・生活
掃除,ライフスタイル・生活
料理,ライフスタイル・生活
健康,ライフスタイル・生活
エクササイズ,ライフスタイル・生活
フィットネス,ライフスタイル・生活
メンタルヘルス,ライフスタイル・生活
趣味,ライフスタイル・生活
旅行,ライフスタイル・生活
アウトドア,ライフスタイル・生活
インドア,ライフスタイル・生活
読書,ライフスタイル・生活
映画鑑賞,ライフスタイル・生活
音楽鑑賞,ライフスタイル・生活
アート,ライフスタイル・生活
ファッション,ライフスタイル・生活
ビューティー,ライフスタイル・生活
ショッピング,ライフスタイル・生活
グルメ,ライフスタイル・生活
コーヒー,ライフスタイル・生活
ティータイム,ライフスタイル・生活
自然,ライフスタイル・生活
リラクゼーション,ライフスタイル・生活
スパ,ライフスタイル・生活
マッサージ,ライフスタイル・生活
サイエンス,サイエンス・科学
科学,サイエンス・科学
自然科学,サイエンス・科学
社会科学,サイエンス・科学
物理学,サイエンス・科学
化学,サイエンス・科学
生物学,サイエンス・科学
地球科学,サイエンス・科学
天文学,サイエンス・科学
数学,サイエンス・科学
情報科学,サイエンス・科学
工学,サイエンス・科学
医学,サイエンス・科学
心理学,サイエンス・科学
経済学,サイエンス・科学
政治学,サイエンス・科学
法学,サイエンス・科学
教育学,サイエンス・科学
歴史学,サイエンス・科学
人類学,サイエンス・科学
考古学,サイエンス・科学
言語学,サイエンス・科学
文化学,サイエンス・科学
哲学,サイエンス・科学
倫理学,サイエンス・科学
環境学,サイエンス・科学
気候学,サイエンス・科学
エネルギー科学,サイエンス・科学
ロボット科学,サイエンス・科学
AI,サイエンス・科学
データサイエンス,サイエンス・科学
量子コンピュータ,サイエンス・科学
宇宙開発,サイエンス・科学
遺伝子編集,サイエンス・科学
クリスパーキャス9,サイエンス・科学
ナノテクノロジー,サイエンス・科学
バイオテクノロジー,サイエンス・科学
化石燃料,サイエンス・科学
再生可能エネルギー,サイエンス・科学
ブック,ブック・文学
文学,ブック・文学
小説,ブック・文学
詩,ブック・文学
エッセイ,ブック・文学
伝記,ブック・文学
自伝,ブック・文学
ノンフィクション,ブック・文学
歴史書,ブック・文学
科学書,ブック・文学
教育書,ブック・文学
ビジネス書,ブック・文学
経済書,ブック・文学
自己啓発書,ブック・文学
料理書,ブック・文学
旅行ガイド,ブック・文学
アートブック,ブック・文学
コミック,ブック・文学
漫画,ブック・文学
電子書籍,ブック・文学
図書館,ブック・文学
書店,ブック・文学
読書会,ブック・文学
ブッククラブ,ブック・文学
文芸批評,ブック・文学
書評,ブック・文学
著者,ブック・文学
作家,ブック・文学
詩人,ブック・文学
翻訳,ブック・文学
版権,ブック・文学
出版,ブック・文学
自費出版,ブック・文学
電子出版,ブック・文学
書籍デザイン,ブック・文学
書籍製作,ブック・文学
文化,ブック・文学
言語,ブック・文学
